{
    "0": {
        "Scale": 0.09897647160579871,
        "E00": 1.7845178389672638,
        "Width": 0.07894439764258894,
        "W": -0.008555171989892888,
        "red_chi_square": 0.015552617891817238,
        "Scale_alternative": 0.09897647160579871
    }
}